Vue.js入門,4297100916,9784-297-10091-9,,20180922,技術評論社,480,本社7F,318,amazon_url,,,0
ノンデザイナーズ・デザインブック [第４版],4839955557,978-4839955557,,20160630,マイナビ出版,260,本社7F,320,amazon_url,,,0
定本　明解C言語　第1巻　入門編,,,,2002,ソフトバンククリエイティブ㈱,,本社10F
定本　明解C言語　第1巻　入門編　例解　演習,,,,2002,ソフトバンククリエイティブ㈱,,本社10F
改訂　新C言語入門　シニア編,,,,2000,ソフトバンククリエイティブ㈱,,本社10F
C言語本格入門パーフェクト文法マスター≪速習Winプログラミング≫,,,,2002,ソフトバンククリエイティブ㈱,,本社10F
C言語によるプログラミング「スーパーリファレンス編」,,,,2001,ソフトバンククリエイティブ㈱,,本社10F
C言語関数の使い方+作り方完全制覇,,,,2001,㈱技術評論社,,本社10F
すぐに役立つC/C++プログラミング辞典,,,,2000,㈱翔泳社,,本社10F
決定版初めてのC++,,,,2000,㈱技術評論社,,本社10F
Cプログラマのための　C++入門,,,,2001,ソフトバンククリエイティブ㈱,,本社10F
新C++言語入門　シニア編　（下）クラス機能,,,,2002,ソフトバンククリエイティブ㈱,,本社10F
改訂版独学C,,,,1997,㈱翔泳社,,本社10F
プログラミング講義　C++,,,,1939,ソフトバンククリエイティブ㈱,,本社10F
C++への道　解きながら学ぶプログラミング言語C++,,,,1997,ソフトバンククリエイティブ㈱,,本社10F
STL標準講座,,,,1999,㈱翔泳社,,本社10F
新VisualC++6.0入門　シニア編,,,,2000,ソフトバンククリエイティブ㈱,,本社10F
VisualC++　6.0入門,,,,1998,ソフトバンククリエイティブ㈱,,本社10F
標準VisualC++,,,,1998,㈱技術評論社,,本社10F
組込み現場の「C」言語　基礎からわかる徹底入門　重点学習＋文法編,,,,2010,㈱技術評論社,,本社10F
やさしいC,,,,2007,ソフトバンククリエイティブ㈱,,本社10F
Oraclr C/C++実践入門～Pro*C/C++とOCIによるDBプログラミング,,,,2004,㈱翔泳社,,本社10F
続・HTML入門　第2版　新機能、CGI、WEBの進化,,,,1998,㈱プレンティスホール,,本社10F
HTMLタグ辞典(ｶﾗｰ版),,,,2000,㈱翔泳社,,本社10F
HTML&JavaScript辞典(詳解),,,,2002,㈱秀和システム,,本社10F
最新スタイルシート辞典,,,,2000,㈱翔泳社,,本社10F
JavaScriptビジュアル・リファレンス,,,,2004,㈱MDNコーポレーション,,本社10F
JavaScript辞典,,,,2001,㈱翔泳社,,本社10F
CGIプログラミング入門,,,,1997,㈱翔泳社,,本社10F
CGI基礎講座,,,,1999,㈱翔泳社,,本社10F
CGIプログラミング,,,,1998,㈱オライリー・ジャパン,,本社10F
Perl　（CGIのための実践入門）,,,,1998,㈱技術評論社,,本社10F
XML技術大全,,,,1999,㈱プレンティスホール,,本社10F
XML+XSLTによる　Webコンテンツ自動生成,,,,2001,㈱ラトルズ,,本社10F
XML逆引き大全　300の極意,,,,2005,秀和システム,,本社10F
JakartaStruts　逆引き大全333の極意,,,,2004,秀和システム,,本社10F
サーブレット&JSP　逆引きリファレンス,,,,2002,㈱技術評論社,,本社10F
詳細RSS,,,,2005,㈱インタープログ,,本社10F
Restful　Webサービス,,,,2011,㈱オライリー・ジャパン,,本社10F
jQueryクイックブック,,,,2011,㈱オライリー・ジャパン,,本社10F
EJBコンポーネントによるWebシステム構築技法,,,,2002,ソフト・リサーチ・センター,,本社10F
XOOPS入門,,,,2004,㈱翔泳社,,本社10F
XSLT　Web開発者ガイド,,,,2001,㈱ピアソン・エディケーション,,本社10F
Illustrator　プロフェッショナル　ロゴデザイン,,,,2010,㈱エムディエヌコーポレーション,,本社10F
Moodleによるラーニングシステムズの構築と運用,,,,2009,㈱技術評論社,,本社10F
ASP.Net　ポケットリファレンス　Webサーバーコントロール,,,,2007,㈱技術評論社,,本社10F
基礎からのASP.Net,,,,2008,SoftBank,,本社10F
ASP.Net実践,,,,2002,㈱ナルボ,,本社10F
ASP.Net実践,,,,2002,㈱ナルボ,,本社10F
ASP.Net実践講座,,,,2002,日経BPソフトプレス,,本社10F
たのしいUNIX　-UNIXへの招待-,,,,1990,㈱アスキー,,本社10F
UNIXハンドブック,,,,1994,ナツメ社,,本社10F
Linuxネットワークファイアウォール管理者ガイド,,,,2000,ソフトバンクパブリッシング,,本社10F
Linux版クラッカー迎撃完全ガイド,,,,2001,㈱インプレス,,本社10F
Linuxによるインターネットサーバー構築入門,,,,1998,主婦の友社,,本社10F
インターネット・サーバー構築術　Linux編,,,,1999,㈱工学社,,本社10F
「もっと知りたい」人のためのパッケージ管理＆構築入門　（らぶらぶLinux3）,,,,2001,ソシム㈱,,本社10F
Linuxのためのsendmail　メールサーバーの設計・運用入門,,,,2001,㈱ピアソン・エディケーション,,本社10F
Linux HAクラスター　-TurboLinux Cluster Server6,,,,2001,㈱オライリー・ジャパン,,本社10F
FedoraCore4でつくる自宅サーバーfoeLinux,,,,2005,㈱ラトルズ,,本社10F
Oracle　Application　Server　開発ガイド,,,,1999,㈱オーム社,,本社10F
Oracle　Database11g　新機能ガイド,,,,2007,㈱アスキー,,本社10F
Oracle　Application　Server　10g　運用管理徹底ガイド,,,,2005,㈱技術評論社,,本社10F
Apache Strutsハンドブック,,,,2004,ソフトバンクパブリッシング,,本社10F
Apache　HTTPサーバの構築,,,,1998,㈱アスキー,,本社10F
OpenSSH　セキュリティ管理ガイド,,,,2001,㈱秀和システム,,本社10F
Exchange　Server5.5　シークレット,,,,1998,㈱IDGコミュニケーションズ,,本社10F
CentOSで作るnetworkサーバー構築,,,,2010,㈱秀和システム,,本社10F
DNS&BIND入門,,,,2001,㈱オーム社,,本社10F
fmlメーリングリスト管理,,,,2000,㈱オーム社,,本社10F
IMS　標準テキスト　NGNのコア技術,,,,2006,㈱リックテレコム,,本社10F
超図解SQLハンドブック,,,,2005,C&R研究所,,本社10F
Postgre　SQL　リファレンス（全機能）,,,,2003,㈱技術評論社,,本社10F
SQL　ポケットリファレンス,,,,2005,㈱技術評論社,,本社10F
SQLプログラミング入門　（12のレッスンで学ぶリレーショナルデータベース講座）,,,,2003,ソフトバンクパブリッシング㈱,,本社10F
実践　PostgreSQL,,,,2002,㈱オーム社,,本社10F
ASP　ポケットリファレンス,,,,2001,㈱技術評論社,,本社10F
グラス片手に　データベース設計,,,,2009,㈱翔泳社,,本社10F
やさしいOracle　PL/SQL入門,,,,2003,㈱翔泳社,,本社10F
Oracle　PL/SQLプログラミング　（トリガーとストアドプロシージャによるデータベース強化）,,,,1998,㈱プレンティスホール,,本社10F
GIT　ポケットリファレンス,,,,2012,㈱技術評論社,,本社10F
Jenkins,,,,2012,㈱オライリー・ジャパン,,本社10F
Java　Script　ハンドブック,,,,1998,ソフトバンク,,本社10F
スマートフォンの為のHTML５　（アプリケーション開発ガイド）,,,,2011,ソシム㈱,,本社10F
究極のC++プログラミング,,,,2009,㈱技術評論社,,本社10F
詳解　Javaプログラミング　第2版VOLUME1,,,,2003,㈱オーム社,,本社10F
詳解　Javaプログラミング　第2版VOLUME2,,,,2003,㈱オーム社,,本社10F
ゼロからはじめるJavaプログラミング入門,,,,2003,㈱メディア・テック出版,,本社10F
改訂版　Java言語プログラミングレッスン（上）,,,,2005,ソフトバンクパブリッシング㈱,,本社10F
改訂版　Java言語プログラミングレッスン（下）,,,,2005,ソフトバンクパブリッシング㈱,,本社10F
Javaスーパーリファレンス,,,,2003,㈱秀和システム,,本社10F
独習　Java,,,,2000,㈱翔泳社,,本社10F
Java FX　プログラミング入門,,,,2008,㈱秀和システム,,本社10F
JavaによるRESTfulシステム構築,,,,2012,㈱オーム社,,本社10F
Java API 実用リファレンス　JDK1.4コアパッケージ版,,,,2003,㈱技術評論社,,本社10F
UMLによるJavaオブジェクト設計　第2版,,,,2000,㈱ピアソン・エディケーション,,本社10F
Oracle9iではじめる　Ｊ２ＥＥアプリケーション構築入門,,,,2003,コンピュータ・エージ社,,本社10F
Javaデバッグ明快技法,,,,2001,㈱オーム社,,本社10F
Eclipse+VisualEditorによるJavaプログラミング,,,,2004,秀和システム,,本社10F
インストールからリッチクライアント開発まで完全解説　標準Eclipse3.0,,,,2004,㈱アスキー,,本社10F
Javaによる自作CMS,,,,2007,㈱毎日コミュニケーションズ,,本社10F
コア・サーブレット＆JSP　Javaサーバ技術によるWeb開発,,,,2001,ソフトバンクパブリッシング㈱,,本社10F
基礎からのサーブレット　Servlet/JSP　改訂版,,,,2007,ソフトバンククリエイティブ㈱,,本社10F
明解J2EE+アプリケーションサーバー　実践プログラミング,,,,2004,㈱秀和システム,,本社10F
J2EEクイックリファレンス,,,,2001,㈱オーム社,,本社10F
開発者のためのExcel2000VBAプログラミングガイド,,,,2000,エーアイ出版㈱,,本社10F
XSLTWeb開発者ガイド,,,,2001,㈱技術評論社,,本社10F
VB.Net　ビルドアップテキスト,,,,2003,㈱技術評論社,,本社10F
RailsによるアジャイルWebアプリケーション開発,,,,2011,㈱オーム社,,本社10F
The　RspecBook,,,,2012,㈱翔泳社,,本社10F
H８　アセンブラ入門,,,,2003,東京電気大学出版部,,本社10F
ビギナーズガイド,,,,2003,東京電気大学出版部,,本社10F
みんなのPython　改訂版,,,,2012,ソフトバンククリエイティブ㈱,,本社10F
iPhone& Android　アプリ内課金　プログラミング完全ガイド,,,,2012,㈱翔泳社,,本社10F
1週間で分かる基本情報技術者　集中ゼミ　【午前編】,,,,2005,日本経済新聞社,,本社10F
1週間で分かる基本情報技術者　集中ゼミ　【午前編】,,,,2005,日本経済新聞社,,本社10F
基本情報技術者　2008秋,,,,2008,ITEC,,本社10F
第二種情報処理技術者受験コース２「アルゴリズムとデータ構造」,,,,1998,㈱日本能率協会マネジメントセンター,,本社10F
真図解　基本情報技術者　初歩から学べて合格できる2006春,,,,2005,日本経済新聞社,,本社10F
ポケットスタディ　応用情報技術者,,,,2009,㈱秀和システム,,本社10F
2011　合格への総まとめ　応用情報・高度　午前共通知識対策,,,,2010,㈱アイテック　情報処理技術者教育センター,,本社10F
情報セキュリティーアドミニストレータ　平成14年版,,,,2002,㈱翔泳社,,本社10F
情報セキュリティスペシャリスト[午後]　オリジナル問題集,,,,2009,㈱秀和システム,,本社10F
テクニカルエンジニア[データベース]　試験合格講座　平成15年度試験版,,,,2002,㈱翔泳社,,本社10F
data base　Administrator,,,,2008,㈱翔泳社,,本社10F
やさしく学ぶ初級シスアド,,,,2007,㈱翔泳社,,本社10F
LPICレベル１,,,,2006,㈱翔泳社,,本社10F
Cisco　CCNA　直前必修問題集　試験番号640507J,,,,2001,日立ソフトウェアエンジニアリング,,本社10F
Cisco　CCNA/CCENT教科書　【640-802J】【640-822J】対応　ICND１,,,,2011,㈱インプレスジャパン,,本社10F
Cisco　CCNA/CCENT教科書　【640-802J】【640-816J】対応　ICND２,,,,2011,㈱インプレスジャパン,,本社10F
Cisco　CCNA問題集　640-801/811+821対応,,,,2004,日経BP社,,本社10F
図解CCNA対策教本　スキルアップ問題集（Cisco技術者認定）,,,,2004,㈱秀和システム,,本社10F
Bronze　11gSQL基礎I問題集　徹底攻略　試験番号１ZO-051J,,,,2009,㈱インプレスジャパン,,本社10F
Bronze　DBA10g問題集　徹底攻略　試験番号１ZO-041J,,,,2007,㈱インプレスジャパン,,本社10F
Silver　DBA10g問題集　徹底攻略　試験番号１ZO-041J　,,,,2006,㈱インプレスジャパン,,本社10F
Silver　【DBA10ｇ】編　試験科目　1ZO-042J　Silver　DBA10ｇ　,,,,2006,㈱翔泳社,,本社10F
パーソナルソフトウェアプロセス技法　－能力向上の決め手,,,,2001,共立出版㈱,,本社10F
SEのための実践システム設計,,,,1990,共立出版㈱,,本社10F
ソフトウェア機能性の計測　ファンクションポイント技法の実践入門,,,,1999,㈱トッパン,,本社10F
ソフトウェア品質のガイドライン,,,,1990,共立出版㈱,,本社10F
ソフトウェア開発の定量化手法　第2版,,,,1998,共立出版㈱,,本社10F
構造分析とシステム仕様（目指すシステムを明確にするモデル化技法）,,,,2001,日経BP出版センター,,本社10F
コンピュータシステム入門,,,,2002,㈱岩波書店,,本社10F
ワインバーグのシステム変革法（ソフトウェア文化を創る4）,,,,2000,共立出版㈱,,本社10F
プログラマーの復権　情報ビジネスの展望（情報ビジネスの展望）,,,,2001,㈱シイエム・シイ出版,,本社10F
プログラムはなぜ動くのか（知っておきたいプログラミングの基礎知識）,,,,2002,日経BP社,,本社10F
実践的プログラムテスト入門,,,,1997,日経BP社,,本社10F
CMMによるプロセス改善入門,,,,2001,㈱構造計画研究所,,本社10F
IIOSS　（UMLい基づく設計/開発環境のすべて）,,,,2001,㈱GARO,,本社10F
UML2.0（その場でつかえる　しっかり学べる）,,,,2006,㈱オージス総研,,本社10F
オブジェクト指向とコンポーネントによるソフトウェア工学-UMLを使って-,,,,2000,㈱ピアソンエドケーション,,本社10F
オブジェクト指向でなぜつくるのか（知っておきたいプログラミング、UML,設計の基礎知識,,,,2004,㈱ピアソンエドケーション,,本社10F
デザインパターンと契約,,,,2001,㈱ピアソンエドケーション,,本社10F
演習確率統計,,,,1995,㈱サイエンス社,,本社10F
ブログ運営テクニック１００（プロ・ブロガーが教える“俺メディア”の極意,,,,2012,インプレスジャパン,,本社10F
最新パソコン用語事典2005-06,,,,2003,㈱技術評論社,,本社10F
プロジェクトマネジメントの基礎知識,,,,1997,（財）エンジニアリング振興協会,,本社10F
プロジェクトマネジメント大全,,,,2002,日経BP社,,本社10F
プロジェクトマネジメント実践の極意,,,,2002,ASCII,,本社10F
プロジェクトの見積りと管理のポイント,,,,1995,共立出版㈱,,本社10F
ソフトウェア開発のマネージメント,,,,2000,㈱新紀元社,,本社10F
船井幸雄の人間道場　プラス思考で生きる,,,,1995,㈱プレジデント社,,本社10F
クラウドビジネス入門,,,,2009,㈱創元社,,本社10F
初対面の1分間で相手をその気にさせる技術,,,,2004,日本実業出版社,,本社10F
和田由美の運命の仕事に出会う本,,,,2006,大和書房,,本社10F
ゲーム理論トレーニング,,,,2004,かんき出版,,本社10F
ビルゲイツの罪と罰,,,,1999,㈱アスキー,,本社10F
何があっても大丈夫,,,,2005,新潮社,,本社10F
マイクロソフト社の怖さ…ビル・ゲーツがIBMを射程内に入れた！,,,,1993,㈱中経出版,,本社10F
FISH！…鮮度100％ぴちぴちオフィスのつくり方,,,,2011,早川書房,,本社10F
マンガで読む「分かりやすい表現の技術,,,,2011,講談社,,本社10F
成功するプレゼンの決め手,,,,2002,㈱技術評論社,,本社10F
仕事ができる人できない人,,,,2001,三笠書房,,本社10F
自分を活かせ！　僕はどうやって自己実現したか,,,,1996,講談社,,本社10F
プロ論,,,,2005,徳間書店,,本社10F
プロ論２,,,,2006,徳間書店,,本社10F
「考える力」を強くするEM法…問題解決の為の論理的思考プロセス,,,,2008,日本能率協会マネジメントセンター,,本社10F
ビジネスハンドブック…まずこのセリフを口に出せ！！,,,,2004,講談社,,本社10F
仕事の見える化,,,,2009,㈱中経出版,,本社10F
論理的な考え方が面白いほど身につく本,,,,2006,㈱中経出版,,本社10F
仕事は段取り八分で決まる！,,,,2004,㈱中経出版,,本社10F
1時間の仕事を20分で終わらせる…ダンドリ上手になる技術,,,,2006,かんき出版,,本社10F
仕事の見える化,,,,2009,㈱中経出版,,本社10F
仕事力強化読本…自分を磨く7つの実用スキル,,,,2006,日経BP社,,本社10F
やさしくわかるABC/ABM…経営に役つ新しい原価計算,,,,2002,日本実業出版,,本社10F
図形と絵で　わかる簿記,,,,1998,㈱西東社,,本社10F
税務簿記入門,,,,1993,中央経済社,,本社10F
経理のことがよくわかる事典,,,,1992,㈱西東社,,本社10F
貸借対照表・損益計算書の読み方事典,,,,1993,㈱西東社,,本社10F
だれでもわかる　簿記実務編…帳簿の見かた　生かし方,,,,1992,高橋書店,,本社10F
簿記検定　日商2級商簿編上…に面白いほど受かる本,,,,2005,㈱中経出版,,本社10F
ゼロから教えて　ビジネスマナー,,,,2008,かんき出版,,本社10F
逆面接,,,,2004,東洋経済社,,本社10F
すぐに使える社員の業績評価を正しく行う手順,,,,1996,中経出版,,本社10F
人材価値評価,,,,2001,東洋経済社,,本社10F
人材価値評価,,,,2001,東洋経済社,,本社10F
よくわかるビジネスコーチング入門,,,,2002,日本能率協会マネジメントセンター,,本社10F
「人を動かす人」になれ,,,,1999,三笠書房,,本社10F
働く気持ちに火をつける,,,,2005,文芸春秋社,,本社10F
知識ゼロからの部下指導術,,,,2007,㈱幻冬舎,,本社10F
デキる上司,,,,2007,㈱中経出版,,本社10F
上司のすごいしかけ,,,,2006,㈱中経出版,,本社10F
アメーバ経営,,,,2010,日本経済出版社,,本社10F
不況を乗り切る5つの方法…今、何をすべきか,,,,2009,㈱サンマーク出版,,本社10F
IT屋のトヨタ生産方式,,,,2005,富士通プライムソフトテクノロジー,,本社10F
革新的ソフトウェア企業のつくり方,,,,2008,㈱翔泳社,,本社10F
革新的ソフトウェア企業のつくり方,,,,2008,㈱翔泳社,,本社10F
戦略的バランス・スコアカード…競争力・成長力を付けるマネジメントシステム,,,,2000,生産性出版,,本社10F
IBMを世界的企業にしたワトソンJr.の言葉,,,,2005,英治出版㈱,,本社10F
働き方,,,,2012,三笠書房,,本社10F
図解事典　よくわかる経理,,,,1992,日本実業出版,,本社10F
手にとるように税金のことがわかる本,,,,1993,㈱かんき出版,,本社10F
ウィスキー　銘酒事典,,,,2000,新星出版社,,本社10F
スーパーアジャイルなWeb開発…Seasar2を使って“さくさく感のある開発”を,,,,2008,㈱技術評論社,,本社10F
JavaScript 第６版,,,,2013,O'REILY,,本社10F
パーフェクトRuby,,,,2013,㈱技術評論社,,本社10F
CODE　COMPLCETE（コードコンプリート）第２版　上,,,,2013,日経BP社,,本社10F
CODE　COMPLCETE（コードコンプリート）第２版　上,,,,2013,日経BP社,,本社10F
ディジタル作法…カーニハン先生の「情報」教室,,,,2013,オーム社,,本社10F
クラウドデザインパターン実装ガイド…Amazon Web Servies,,,,2013,日経BPマーケティング,,本社10F
アプリケーションをつくる英語,,,,2012,達人出版会,,本社10F
IOS開発におけるパターンによるオートマティズム（IOS AUTOMATISM BY THE PATTERNS),,,,2011,㈱ピー・エヌ・エヌ,,本社10F
IOS SDK HACKS…プロが教えるiPhne アプリ開発テクニック,,,,2010,オーム社,,本社10F
IOSプログラミング逆引きリファレンス110,,,,2012,シナノ印刷㈱,,本社10F
詳解　Objective-C2.0　第3版,,,,2013,ソフトバンククリエイティブ㈱,,本社10F
Ruby on Rails,,,,2013,インプレスジャパン,,本社10F
NginX入門…ハイパフォーマンスHTTPサーバ,,,,2013,アスキー・メディアワークス,,本社10F
RUNNING　LEAN…実践リーンスタートアップ,,,,2013,㈱オライリー・ジャパン,,本社10F
プログラマの数学,,,,2013,ソフトバンククリエイティブ㈱,,本社10F
24時間365日　ｻｰﾊﾞ／ｲﾝﾌﾗを支える技術（スケーラビリティ、ハイパフォーマンス、省力運用）,,,,2011,㈱技術評論社,,本社10F
安全なWebアプリケーションの作り方（脆弱性が生まれる原理と対策の実践）,,,,2013,ソフトバンククリエイティブ㈱,,本社10F
Androidアプリ高速化プログラミング,,,,2012,インプレスジャパン,,本社10F
Android　NFCプログラミング完全ガイド,,,,2013,㈱翔泳社,,本社10F
プログラミングAndroid,,,,2012,㈱オーム社,,本社10F
PostgreSQL　全機能バイブル（現場で役立つA TO Z),,,,2012,㈱技術評論社,,本社10F
第2版　Scala　スケーラブルプログラミング,,,,2012,インプレスジャパン,,本社10F
インターフェイス　画像処理（ラズベリー・パイ×カメラ）,,,,201401,CQ出版社,,本社10F
インターフェイス　ラズベリー・パイで作る手のひらLinuxパソコン,,,,201309,CQ出版社,,本社10F
Androidライブラリ　実践活用厳選111,,,,201401,㈱技術評論社,,本社10F
Pythonチュートリアル,,,,2012,㈱オライリー・ジャパン,,本社10F
コトラーのマーケティング入門,,,,2012,㈱ピアソンエドケーション,,本社10F
おら「あまちゃん」が大好きだ,,,,2013,㈱扶桑社,,本社10F
いつやるか？　今でしょ！,,,,2013,宝島社,,本社10F
WEB＋DB　Vol.77　「スマートフォンテスト最前線」他,,,,,㈱技術評論社,,本社10F
WEB＋DB　Vol.78　「最も採用されているアジャイル開発手法…スクラム」,,,,,㈱技術評論社,,本社10F
プログラミング言語 Ruby,,,,2013,㈱オライリー・ジャパン,,本社10F
Rubyベストプラクティス プロフェッショナルによるコードとテクニック,,,,2010,㈱オライリー・ジャパン,,本社10F
Ruby公式資格教科書・・・Ruby技術者認定試験（Silver,Gold対応）,,,,2012,㈱技術評論社,,本社10F
Play Framework徹底入門…Javaで始めるアジャイルWeb開発,,,,2013,㈱翔泳社,,本社10F
作りながら学ぶ　HTML/CSS　デザインの教科書,,,,2013,ソフトバンククリエイティブ㈱,,本社10F
Android SDK　逆引きハンドブック,,,,2011,㈱シーアンドアール研究所,,本社10F
Ruby on Rails 3　アプリケーションプログラミング,,,,2011,㈱技術評論社,,本社10F
スッキリわかる　Ｊａｖａ入門,,,,2011,インプレスジャパン,,本社10F
スマートフォン＆タブレット　アプリ開発会社年鑑2015,,,,2014,㈱マイナビ,,本社10F
プログラムはこうして作られる　プログラマの頭の中をのぞいてみよう,,,,2013,㈱秀和システム,,本社10F
新装版　リファクタリング　既存のコードを安全に改善する,,,,2014,㈱オーム社,,本社10F
Effective Android アプリケーション開発を効率化する39のテクニック集,,,,2014,㈱インプレスジャパン,,本社10F
Effective C++ 第3版　プログラムとデザインを改良するための55項目,,,,2014,丸善出版㈱,,本社10F
入門React　コンポーネントベースのWebフロントエンド開発,,,,2015,オライリー・ジャパン,,本社10F
Web API The Good Parts,,,,2014,オライリー・ジャパン,,本社10F
Amazon Web Services 実践入門,,,,2015,㈱技術評論社,,本社10F
メタプログラミングRuby　第2版,,,,2015,オライリー・ジャパン,,本社10F
Javaパフォーマンス,,,,2015,㈱オーム社,,本社10F
Effectie Java 第2版,,,,2014,丸善出版㈱,,本社10F
Java EE7 徹底入門　標準Javaフレームワークによる高信頼性Webシステムの構築,,,,2015,㈱翔泳社,,本社10F
AIの衝撃 人工知能は人類の敵か,,,,2015,講談社,,本社10F
ゲーム・チェンジャーの競争戦略　ルール、相手、土俵を変える,,,,2015,日本経済新聞出版社,,本社10F
ロジカル・シンキング　論理的な思考と構成のスキル,,,,2001,東洋経済社,,本社10F
ロジカル・シンキング　論理的な思考と構成のスキル,,,,2001,東洋経済社,,本社10F
ロジカル・シンキング　論理的な思考と構成のスキル,,,,2001,東洋経済社,,本社10F
ロジカル・シンキング　論理的な思考と構成のスキル,,,,2001,東洋経済社,,本社10F
ロジカル・シンキング　論理的な思考と構成のスキル,,,,2001,東洋経済社,,本社10F
ビッグデータを征すクラウドの技術　Hadoop&NoSQL,,,,2011,アスキー・メディアワークス,,本社10F
ずっと受けたかったソフトウェアエンジニアリングの授業１,,,,2006,翔泳社,,本社10F
そこが知りたい最新Webアプリ開発のお作法　アーキテクチャと開発プロセスの正しい理解,,,,2006,翔泳社,,本社10F
一番やさしいJSP&サーブレット入門塾　第2版,,,,2008,翔泳社,,本社10F
わかりやすいJavaEE　ウェブシステム入門,,,,2014,秀和システム,,本社10F
らくらく突破気象予報士かんたん合格テキスト　学科専門知識編,,,,2009,技術評論社,,本社10F
データベーススペシャリスト2015年版,,,,2014,翔泳社,,本社10F
徹底攻略　データベーススペシャリスト教科書　平成28年度,,,,2015,インプレスジャパン,,本社10F
Pythonチュートリアル　第3版,,,,2016,㈱オライリー・ジャパン,,本社10F
みんなのPython　第3版,,,,2012,ソフトバンククリエイティブ㈱,,本社10F
プログラミング入門講座,,,,2016,ソフトバンククリエイティブ㈱,,本社10F
初めてのPython　第3版,,,,2009,オライリー・ジャパン,,本社10F
新しい働き方　幸せと成果を両立する「モダンワークスタイル」のすすめ,,,,2016,講談社,,本社10F
Windows Server2016テクノロジ入門　完全版,,,,山内和朗,日経BP社,,本社10F
質問力　話し上手はここがちがう,,,,2006,筑摩書房,,本社10F
親の品格,,,,2008,PHP研究所,,本社10F
無料ビジネスの時代　消費不況に立ち向かう価格戦略,,,,2011,筑摩書房,,本社10F
本当に使えるBCPはシンプルだった。　経営者のための3つのポイント,,,,2012,税務経理協会,,本社10F
スノーデンファイル　地球上でもっとも追われている男の真実,,,,2014,日経BP社,,本社10F
ピーター・ドラッカーの「マネジメント論」がわかる本,,,,2008,秀和システム,,本社10F
ゲームの力が会社を変える　ゲーミフィケーションを仕事に活かす,,,,2012,日本実業出版社,,本社10F
これからこうなる日本経済、世界経済「通貨の近代史」で読み解く！,,,,2013,日本文芸社,,本社10F
仕事の5力（ごぢから）,,,,2008,中経出版,,本社10F
ザ・ニューリッチ　アメリカ新富裕層の知られざる実態,,,,2007,ダイヤモンド社,,本社10F
説得できるビジネスプレゼン200の鉄則,,,,2003,日経BP社,,本社10F
ムリなくとれるプライバシーマーク　仕組み作りから取得まで,,,,2004,日経BP社,,本社10F
クイズで学ぶなぜなぜ分析超入門,,,,2014,日経BP社,,本社10F
わかばちゃんと学ぶ　Git使い方入門,,,,2017,C&R研究所,,本社10F
よくわかるPHPの教科書,,,,2010,㈱マイナビ,,本社10F
100円のコーラを1000円で売る方法2,,,,2012,KADOKAWA,,本社10F
EC-CUBE 3 店舗運営&デザインカスタマイズガイド,,,,2015,ラトルズ,,本社7F
基本からしっかり学ぶ Symfony2入門,,,,2016,技術評論社,,本社7F
オープンソースECサイト構築ソフトEC-CUBE【Ver2対応】公式ガイドブック,,,,2010,秀和システム,,本社7F
オープンソースECサイト構築ソフトEC-CUBE【Ver2.4.0対応】公式ガイドブック カスタマイズ編,,,,2009,秀和システム,,本社7F
パーフェクトPHP (PERFECT SERIES 3),,,,2018,技術評論社,,本社7F
ITエンジニアのための仕事を速くする9つの基礎力と7つのエクササイズ,,,,2008,日経BP社,,本社10F